upload_date,year,month,day
2024-11-30 09:25:22.954916,2024,11,30
2025-08-15 09:25:22.954916,2025,8,15
2025-09-11 09:25:22.954916,2025,9,11
2025-09-18 09:25:22.954916,2025,9,18
2025-03-21 09:25:22.954916,2025,3,21
2025-05-06 09:25:22.954916,2025,5,6
2025-09-21 09:25:22.954916,2025,9,21
2025-01-06 09:25:22.954916,2025,1,6
2025-10-13 09:25:22.954916,2025,10,13
2025-03-10 09:25:22.954916,2025,3,10
2025-04-09 09:25:22.954916,2025,4,9
2025-05-03 09:25:22.954916,2025,5,3
2025-08-23 09:25:22.954916,2025,8,23
2025-04-13 09:25:22.954916,2025,4,13
2025-03-16 09:25:22.954916,2025,3,16
2024-12-06 09:25:22.954916,2024,12,6
2025-07-11 09:25:22.954916,2025,7,11
2025-01-08 09:25:22.954916,2025,1,8
2025-06-20 09:25:22.954916,2025,6,20
2025-06-13 09:25:22.954916,2025,6,13
2025-02-11 09:25:22.954916,2025,2,11
2025-10-04 09:25:22.954916,2025,10,4
2025-02-26 09:25:22.954916,2025,2,26
2025-03-20 09:25:22.954916,2025,3,20
2025-05-08 09:25:22.954916,2025,5,8
2025-02-18 09:25:22.954916,2025,2,18
2024-11-29 09:25:22.954916,2024,11,29
2025-10-19 09:25:22.954916,2025,10,19
2025-08-01 09:25:22.954916,2025,8,1
2025-07-26 09:25:22.954916,2025,7,26
2025-04-25 09:25:22.954916,2025,4,25
2025-05-25 09:25:22.954916,2025,5,25
2025-04-17 09:25:22.954916,2025,4,17
2025-09-02 09:25:22.954916,2025,9,2
2025-07-14 09:25:22.954916,2025,7,14
2025-02-02 09:25:22.954916,2025,2,2
2024-12-01 09:25:22.954916,2024,12,1
2025-11-08 09:25:22.954916,2025,11,8
2025-04-11 09:25:22.954916,2025,4,11
2025-07-10 09:25:22.954916,2025,7,10
2024-11-25 09:25:22.954916,2024,11,25
2025-01-24 09:25:22.954916,2025,1,24
2025-10-21 09:25:22.954916,2025,10,21
2025-06-09 09:25:22.954916,2025,6,9
2025-06-28 09:25:22.954916,2025,6,28
2025-07-29 09:25:22.954916,2025,7,29
2025-05-17 09:25:22.954916,2025,5,17
2024-12-08 09:25:22.954916,2024,12,8
2025-07-23 09:25:22.954916,2025,7,23
2025-04-15 09:25:22.954916,2025,4,15
2025-03-12 09:25:22.954916,2025,3,12
2025-10-15 09:25:22.954916,2025,10,15
2025-05-09 09:25:22.954916,2025,5,9
2025-04-22 09:25:22.954916,2025,4,22
2025-02-19 09:25:22.954916,2025,2,19
2025-04-21 09:25:22.954916,2025,4,21
2025-02-15 09:25:22.954916,2025,2,15
2025-10-14 09:25:22.954916,2025,10,14
2024-12-20 09:25:22.954916,2024,12,20
2024-12-17 09:25:22.954916,2024,12,17
2025-06-27 09:25:22.954916,2025,6,27
2025-07-06 09:25:22.954916,2025,7,6
2025-07-04 09:25:22.954916,2025,7,4
2024-12-31 09:25:22.954916,2024,12,31
2025-06-17 09:25:22.954916,2025,6,17
2025-02-08 09:25:22.954916,2025,2,8
2025-10-30 09:25:22.954916,2025,10,30
2025-01-23 09:25:22.954916,2025,1,23
2025-04-12 09:25:22.954916,2025,4,12
2025-06-29 09:25:22.954916,2025,6,29
2024-12-14 09:25:22.954916,2024,12,14
2025-10-20 09:25:22.954916,2025,10,20
2025-06-02 09:25:22.954916,2025,6,2
2025-02-21 09:25:22.954916,2025,2,21
2025-04-27 09:25:22.954916,2025,4,27
2025-06-26 09:25:22.954916,2025,6,26
2025-01-03 09:25:22.954916,2025,1,3
2025-06-21 09:25:22.954916,2025,6,21
2025-07-09 09:25:22.954916,2025,7,9
2025-08-11 09:25:22.954916,2025,8,11
2025-03-06 09:25:22.954916,2025,3,6
2025-06-16 09:25:22.954916,2025,6,16
2025-08-03 09:25:22.954916,2025,8,3
2025-08-30 09:25:22.954916,2025,8,30
2025-09-10 09:25:22.954916,2025,9,10
2025-02-01 09:25:22.954916,2025,2,1
2024-11-21 09:25:22.954916,2024,11,21
2024-12-18 09:25:22.954916,2024,12,18
2025-01-31 09:25:22.954916,2025,1,31
2024-12-19 09:25:22.954916,2024,12,19
2025-11-16 09:25:22.954916,2025,11,16
2025-01-26 09:25:22.954916,2025,1,26
2025-03-11 09:25:22.954916,2025,3,11
2025-03-28 09:25:22.954916,2025,3,28
2025-04-07 09:25:22.954916,2025,4,7
2025-04-30 09:25:22.954916,2025,4,30
2025-03-05 09:25:22.954916,2025,3,5
2025-05-12 09:25:22.954916,2025,5,12
2025-02-05 09:25:22.954916,2025,2,5
2025-04-20 09:25:22.954916,2025,4,20
2025-06-24 09:25:22.954916,2025,6,24
2024-12-22 09:25:22.954916,2024,12,22
2025-10-10 09:25:22.954916,2025,10,10
2025-06-14 09:25:22.954916,2025,6,14
2025-09-24 09:25:22.954916,2025,9,24
2025-06-07 09:25:22.954916,2025,6,7
2025-07-13 09:25:22.954916,2025,7,13
2024-12-13 09:25:22.954916,2024,12,13
2025-08-14 09:25:22.954916,2025,8,14
2024-11-24 09:25:22.954916,2024,11,24
2025-10-02 09:25:22.954916,2025,10,2
2025-09-29 09:25:22.954916,2025,9,29
2025-04-29 09:25:22.954916,2025,4,29
2025-02-04 09:25:22.954916,2025,2,4
2025-04-10 09:25:22.954916,2025,4,10
2024-12-07 09:25:22.954916,2024,12,7
2025-06-11 09:25:22.954916,2025,6,11
2025-08-31 09:25:22.954916,2025,8,31
2025-08-21 09:25:22.954916,2025,8,21
2025-01-20 09:25:22.954916,2025,1,20
2025-01-11 09:25:22.954916,2025,1,11
2025-08-08 09:25:22.954916,2025,8,8
2025-10-01 09:25:22.954916,2025,10,1
2025-06-19 09:25:22.954916,2025,6,19
2025-07-18 09:25:22.954916,2025,7,18
2025-04-23 09:25:22.954916,2025,4,23
2025-09-04 09:25:22.954916,2025,9,4
2025-06-25 09:25:22.954916,2025,6,25
2025-09-27 09:25:22.954916,2025,9,27
2025-05-20 09:25:22.954916,2025,5,20
2025-09-05 09:25:22.954916,2025,9,5
2025-09-01 09:25:22.954916,2025,9,1
2024-12-23 09:25:22.954916,2024,12,23
2025-09-28 09:25:22.954916,2025,9,28
2025-02-07 09:25:22.954916,2025,2,7
2025-08-27 09:25:22.954916,2025,8,27
2025-01-02 09:25:22.954916,2025,1,2
2024-12-26 09:25:22.954916,2024,12,26
2025-06-05 09:25:22.954916,2025,6,5
2025-02-23 09:25:22.954916,2025,2,23
2025-11-14 09:25:22.954916,2025,11,14
2025-02-14 09:25:22.954916,2025,2,14
2025-03-15 09:25:22.954916,2025,3,15
2025-07-25 09:25:22.954916,2025,7,25
2025-11-17 09:25:22.954916,2025,11,17
2025-02-27 09:25:22.954916,2025,2,27
2025-06-06 09:25:22.954916,2025,6,6
2025-11-01 09:25:22.954916,2025,11,1
2025-03-01 09:25:22.954916,2025,3,1
2025-11-07 09:25:22.954916,2025,11,7
2025-07-27 09:25:22.954916,2025,7,27
2025-01-18 09:25:22.954916,2025,1,18
2025-02-22 09:25:22.954916,2025,2,22
2025-03-18 09:25:22.954916,2025,3,18
2024-12-11 09:25:22.954916,2024,12,11
2025-01-25 09:25:22.954916,2025,1,25
2025-01-09 09:25:22.954916,2025,1,9
2025-10-08 09:25:22.954916,2025,10,8
2025-01-10 09:25:22.954916,2025,1,10
2025-01-27 09:25:22.954916,2025,1,27
2025-04-02 09:25:22.954916,2025,4,2
2025-05-14 09:25:22.954916,2025,5,14
2025-03-31 09:25:22.954916,2025,3,31
2025-03-14 09:25:22.954916,2025,3,14
2025-07-30 09:25:22.954916,2025,7,30
2025-03-08 09:25:22.954916,2025,3,8
2025-11-19 09:25:22.954916,2025,11,19
2025-02-03 09:25:22.954916,2025,2,3
2025-09-17 09:25:22.954916,2025,9,17
2025-08-28 09:25:22.954916,2025,8,28
2025-07-16 09:25:22.954916,2025,7,16
2025-04-08 09:25:22.954916,2025,4,8
2025-08-22 09:25:22.954916,2025,8,22
2025-03-19 09:25:22.954916,2025,3,19
2025-11-13 09:25:22.954916,2025,11,13
2025-09-09 09:25:22.954916,2025,9,9
2025-10-26 09:25:22.954916,2025,10,26
2025-05-26 09:25:22.954916,2025,5,26
2025-11-04 09:25:22.954916,2025,11,4
2025-04-26 09:25:22.954916,2025,4,26
2025-03-23 09:25:22.954916,2025,3,23
2025-01-30 09:25:22.954916,2025,1,30
2025-05-15 09:25:22.954916,2025,5,15
2025-05-27 09:25:22.954916,2025,5,27
2025-09-25 09:25:22.954916,2025,9,25
2025-07-28 09:25:22.954916,2025,7,28
2025-10-09 09:25:22.954916,2025,10,9
2025-07-22 09:25:22.954916,2025,7,22
2025-08-18 09:25:22.954916,2025,8,18
2025-03-27 09:25:22.954916,2025,3,27
2025-09-14 09:25:22.954916,2025,9,14
2025-07-19 09:25:22.954916,2025,7,19
2024-11-20 09:25:22.954916,2024,11,20
2025-01-17 09:25:22.954916,2025,1,17
2024-11-28 09:25:22.954916,2024,11,28
2025-01-13 09:25:22.954916,2025,1,13
2025-08-26 09:25:22.954916,2025,8,26
2025-08-24 09:25:22.954916,2025,8,24
2025-01-05 09:25:22.954916,2025,1,5
2025-07-12 09:25:22.954916,2025,7,12
2025-04-01 09:25:22.954916,2025,4,1
2025-07-15 09:25:22.954916,2025,7,15
2025-10-24 09:25:22.954916,2025,10,24
2024-12-09 09:25:22.954916,2024,12,9
2025-05-22 09:25:22.954916,2025,5,22
2025-10-28 09:25:22.954916,2025,10,28
2025-07-24 09:25:22.954916,2025,7,24
2025-10-22 09:25:22.954916,2025,10,22
2025-04-16 09:25:22.954916,2025,4,16
2024-11-19 09:25:22.954916,2024,11,19
2025-01-01 09:25:22.954916,2025,1,1
2024-11-23 09:25:22.954916,2024,11,23
2025-09-22 09:25:22.954916,2025,9,22
2025-11-05 09:25:22.954916,2025,11,5
2025-08-13 09:25:22.954916,2025,8,13
2025-02-12 09:25:22.954916,2025,2,12
2025-05-05 09:25:22.954916,2025,5,5
2025-09-03 09:25:22.954916,2025,9,3
2025-07-20 09:25:22.954916,2025,7,20
2025-09-08 09:25:22.954916,2025,9,8
2025-05-10 09:25:22.954916,2025,5,10
2025-10-05 09:25:22.954916,2025,10,5
2025-07-08 09:25:22.954916,2025,7,8
2025-08-29 09:25:22.954916,2025,8,29
2025-08-12 09:25:22.954916,2025,8,12
2025-03-13 09:25:22.954916,2025,3,13
2024-12-16 09:25:22.954916,2024,12,16
2025-09-13 09:25:22.954916,2025,9,13
2025-10-29 09:25:22.954916,2025,10,29
2024-12-30 09:25:22.954916,2024,12,30
2025-07-02 09:25:22.954916,2025,7,2
2025-05-21 09:25:22.954916,2025,5,21
2025-03-25 09:25:22.954916,2025,3,25
2025-10-12 09:25:22.954916,2025,10,12
2025-09-20 09:25:22.954916,2025,9,20
2025-09-30 09:25:22.954916,2025,9,30
2025-03-03 09:25:22.954916,2025,3,3
2024-12-12 09:25:22.954916,2024,12,12
2025-10-31 09:25:22.954916,2025,10,31
2025-04-14 09:25:22.954916,2025,4,14
2025-09-23 09:25:22.954916,2025,9,23
2025-06-01 09:25:22.954916,2025,6,1
2025-05-18 09:25:22.954916,2025,5,18
2025-11-10 09:25:22.954916,2025,11,10
2025-02-10 09:25:22.954916,2025,2,10
2025-08-16 09:25:22.954916,2025,8,16
2025-08-07 09:25:22.954916,2025,8,7
2025-09-07 09:25:22.954916,2025,9,7
2025-05-23 09:25:22.954916,2025,5,23
2025-05-07 09:25:22.954916,2025,5,7
2025-03-30 09:25:22.954916,2025,3,30
2025-07-21 09:25:22.954916,2025,7,21
2025-11-15 09:25:22.954916,2025,11,15
2025-07-03 09:25:22.954916,2025,7,3
2025-07-07 09:25:22.954916,2025,7,7
2025-03-26 09:25:22.954916,2025,3,26
2025-01-12 09:25:22.954916,2025,1,12
2024-12-03 09:25:22.954916,2024,12,3
2024-12-04 09:25:22.954916,2024,12,4
2025-11-02 09:25:22.954916,2025,11,2
2025-06-12 09:25:22.954916,2025,6,12
2024-12-02 09:25:22.954916,2024,12,2
2025-01-16 09:25:22.954916,2025,1,16
2025-08-02 09:25:22.954916,2025,8,2
2025-05-04 09:25:22.954916,2025,5,4
2025-06-23 09:25:22.954916,2025,6,23
2025-02-28 09:25:22.954916,2025,2,28
2025-06-30 09:25:22.954916,2025,6,30
2025-08-09 09:25:22.954916,2025,8,9
2025-05-19 09:25:22.954916,2025,5,19
2025-09-26 09:25:22.954916,2025,9,26
2025-05-31 09:25:22.954916,2025,5,31
2025-06-03 09:25:22.954916,2025,6,3
2025-06-15 09:25:22.954916,2025,6,15
2025-07-01 09:25:22.954916,2025,7,1
2025-10-25 09:25:22.954916,2025,10,25
2025-05-11 09:25:22.954916,2025,5,11
2024-12-29 09:25:22.954916,2024,12,29
2025-01-29 09:25:22.954916,2025,1,29
2025-08-17 09:25:22.954916,2025,8,17
2025-03-09 09:25:22.954916,2025,3,9
2025-01-14 09:25:22.954916,2025,1,14
2025-03-17 09:25:22.954916,2025,3,17
2025-08-10 09:25:22.954916,2025,8,10
2025-02-20 09:25:22.954916,2025,2,20
2025-01-07 09:25:22.954916,2025,1,7
2025-06-22 09:25:22.954916,2025,6,22
2025-03-22 09:25:22.954916,2025,3,22
2025-05-13 09:25:22.954916,2025,5,13
2025-07-31 09:25:22.954916,2025,7,31
2025-05-30 09:25:22.954916,2025,5,30
2025-08-05 09:25:22.954916,2025,8,5
2025-11-12 09:25:22.954916,2025,11,12
2025-05-29 09:25:22.954916,2025,5,29
2025-10-18 09:25:22.954916,2025,10,18
2025-10-03 09:25:22.954916,2025,10,3
2025-03-02 09:25:22.954916,2025,3,2
2025-11-03 09:25:22.954916,2025,11,3
2025-06-18 09:25:22.954916,2025,6,18
2025-02-24 09:25:22.954916,2025,2,24
2025-01-28 09:25:22.954916,2025,1,28
2025-05-28 09:25:22.954916,2025,5,28
2025-02-06 09:25:22.954916,2025,2,6
2025-04-03 09:25:22.954916,2025,4,3
2025-05-16 09:25:22.954916,2025,5,16
2024-12-24 09:25:22.954916,2024,12,24
2025-01-04 09:25:22.954916,2025,1,4
2025-09-16 09:25:22.954916,2025,9,16
2024-11-22 09:25:22.954916,2024,11,22
2025-10-06 09:25:22.954916,2025,10,6
2025-11-06 09:25:22.954916,2025,11,6
2025-09-12 09:25:22.954916,2025,9,12
2025-08-19 09:25:22.954916,2025,8,19
2025-05-02 09:25:22.954916,2025,5,2
2025-01-21 09:25:22.954916,2025,1,21
2025-04-24 09:25:22.954916,2025,4,24
2025-04-04 09:25:22.954916,2025,4,4
2025-02-25 09:25:22.954916,2025,2,25
2024-12-25 09:25:22.954916,2024,12,25
2025-04-05 09:25:22.954916,2025,4,5
2025-10-16 09:25:22.954916,2025,10,16
2024-12-21 09:25:22.954916,2024,12,21
2025-10-11 09:25:22.954916,2025,10,11
2025-06-10 09:25:22.954916,2025,6,10
2025-09-06 09:25:22.954916,2025,9,6
2025-11-11 09:25:22.954916,2025,11,11
2025-05-01 09:25:22.954916,2025,5,1
2025-04-06 09:25:22.954916,2025,4,6
2025-07-17 09:25:22.954916,2025,7,17
2025-10-17 09:25:22.954916,2025,10,17
2024-12-10 09:25:22.954916,2024,12,10
2025-06-08 09:25:22.954916,2025,6,8
2025-03-04 09:25:22.954916,2025,3,4
2025-01-15 09:25:22.954916,2025,1,15
2025-08-04 09:25:22.954916,2025,8,4
2024-12-15 09:25:22.954916,2024,12,15
2025-09-15 09:25:22.954916,2025,9,15
2024-12-28 09:25:22.954916,2024,12,28
2025-03-29 09:25:22.954916,2025,3,29
2025-02-16 09:25:22.954916,2025,2,16
2025-08-20 09:25:22.954916,2025,8,20
2025-10-23 09:25:22.954916,2025,10,23
2025-03-07 09:25:22.954916,2025,3,7
2025-01-22 09:25:22.954916,2025,1,22
2025-09-19 09:25:22.954916,2025,9,19
2025-05-24 09:25:22.954916,2025,5,24
2025-02-17 09:25:22.954916,2025,2,17
2024-11-26 09:25:22.954916,2024,11,26
2025-04-18 09:25:22.954916,2025,4,18
2025-08-25 09:25:22.954916,2025,8,25
2024-11-27 09:25:22.954916,2024,11,27
2025-11-09 09:25:22.954916,2025,11,9
2025-07-05 09:25:22.954916,2025,7,5
2024-12-05 09:25:22.954916,2024,12,5
2025-10-27 09:25:22.954916,2025,10,27
2025-10-07 09:25:22.954916,2025,10,7
2025-06-04 09:25:22.954916,2025,6,4
2025-04-19 09:25:22.954916,2025,4,19
2025-11-18 09:25:22.954916,2025,11,18
2025-08-06 09:25:22.954916,2025,8,6
2025-02-13 09:25:22.954916,2025,2,13
2025-02-09 09:25:22.954916,2025,2,9
2025-03-24 09:25:22.954916,2025,3,24
2025-01-19 09:25:22.954916,2025,1,19
2024-12-27 09:25:22.954916,2024,12,27
2025-04-28 09:25:22.954916,2025,4,28
